Patient ID,AMER1,APC,ARID1A,ATM,BRAF,FBXW7,KRAS,NRAS,PIK3CA,PIK3R1,PTEN,RNF43,SMAD4,SOX9,TCF7L2,TP53
01CO001,WT,Q1328*,WT,WT,WT,WT,WT,WT,WT,WT,WT,WT,D351N,WT,WT,G245S
01CO005,WT,S1407Vfs*8,WT,WT,WT,S582L,WT,WT,WT,WT,WT,WT,WT,WT,WT,E326Wfs*12
01CO006,WT,WT,S1807Vfs*8,WT,WT,WT,WT,WT,WT,WT,WT,A146*,WT,WT,WT,WT
01CO008,WT,WT,WT,WT,WT,WT,G12V,WT,WT,WT,WT,WT,WT,WT,K599Vfs*9,WT
01CO013,WT,R499*,R1989*,WT,WT,WT,WT,WT,WT,WT,WT,WT,WT,WT,G251*,C275Y S392Qfs*30
01CO014,WT,WT,WT,WT,V600E,WT,WT,WT,WT,WT,WT,G659Vfs*41,WT,WT,WT,R273C
01CO015,WT,T1487Ifs*20,WT,WT,WT,WT,WT,WT,WT,WT,WT,WT,WT,S37* H445Tfs*26,WT,WT
01CO019,WT,Q1244*,WT,WT,WT,WT,WT,Q61K,WT,WT,WT,WT,WT,WT,WT,V203L
01CO022,WT,WT,WT,WT,V600E,WT,WT,WT,WT,WT,WT,G659Vfs*41,WT,WT,K468Sfs*23,WT
05CO002,WT,R216*,R811Sfs*22,WT,WT,WT,WT,WT,WT,WT,WT,WT,WT,WT,WT,P278S
05CO003,WT,WT,WT,WT,WT,WT,WT,WT,C420R H1047Y,WT,WT,G659Vfs*41,WT,WT,WT,WT
05CO006,WT,WT,G801Vfs*32,WT,V600E,WT,WT,WT,WT,WT,WT,G659Vfs*41,WT,WT,K468Sfs*23,WT
05CO007,WT,WT,R1461*,WT,WT,WT,WT,WT,WT,WT,WT,G659Vfs*41,WT,WT,WT,WT
05CO011,WT,P1424Qfs*49 T206Nfs*46,WT,WT,WT,WT,WT,WT,WT,WT,WT,WT,WT,WT,WT,N239*
05CO015,WT,T1556Nfs*3 E1034Gfs*20,Q1519Rfs*8 N2059Tfs*76,WT,V600E,WT,WT,WT,WT,WT,WT,G659Vfs*41,WT,WT,WT,WT
05CO020,WT,T1556Nfs*3,WT,WT,WT,WT,G12D,WT,WT,WT,WT,WT,WT,WT,WT,WT
05CO026,WT,Y1376*,WT,WT,WT,WT,Q61H,WT,WT,WT,WT,WT,WT,WT,WT,WT
05CO028,WT,T1556Nfs*3 R332*,WT,WT,WT,WT,G12D,WT,E545K,WT,WT,WT,WT,WT,WT,R273C
05CO029,WT,Q1406*,WT,WT,WT,WT,WT,WT,WT,WT,WT,WT,WT,WT,WT,Q52*
05CO032,WT,T1556Nfs*3 S587Afs*3,D1850Tfs*33,WT,V600E,WT,WT,WT,H1047R,WT,WT,WT,WT,WT,WT,E294Sfs*51
05CO033,WT,R1450* E763*,WT,WT,WT,WT,G12D,WT,WT,WT,WT,WT,WT,WT,WT,WT
05CO034,WT,R1450* D556Mfs*2,WT,WT,WT,WT,WT,WT,WT,WT,WT,WT,WT,WT,WT,R342*
05CO035,WT,V1320*,Q611*,WT,WT,WT,WT,WT,WT,WT,WT,WT,WT,WT,WT,S215N
05CO037,WT,D849Rfs*2,WT,WT,WT,S668Vfs*39 R393Q,WT,WT,WT,WT,WT,WT,WT,WT,WT,WT
05CO039,WT,WT,WT,WT,V600E,V445Cfs*53,WT,WT,WT,WT,WT,G659Vfs*41,WT,WT,WT,WT
05CO041,WT,WT,N1784Mfs*5,WT,V600E,WT,WT,WT,WT,WT,WT,G659Vfs*41,WT,WT,WT,V73Wfs*50
05CO044,WT,WT,WT,WT,WT,WT,WT,Q61K,WT,WT,WT,WT,WT,WT,WT,R175H S90Pfs*33
05CO045,WT,E1306* R1450*,WT,WT,WT,WT,WT,WT,WT,WT,WT,WT,WT,WT,WT,P152L
05CO047,WT,S1272Ffs*4,WT,WT,N581S,WT,WT,G12S,WT,WT,WT,WT,WT,WT,WT,R273H
05CO048,WT,WT,WT,R386Gfs*4,V600E,M240Cfs*14,WT,WT,WT,N564D,WT,G659Vfs*41,Q410Efs*18,WT,WT,E224D
05CO049,WT,S1327*,WT,R2443*,WT,L314Wfs*28 T363Nfs*2,WT,WT,WT,WT,WT,WT,WT,WT,WT,R110L
05CO050,WT,T1556Nfs*3 Q1096*,WT,WT,V600E,WT,WT,WT,WT,I82Sfs*32,N323Mfs*21,G659Vfs*41,WT,Q296*,WT,WT
05CO053,WT,R1450*,WT,WT,WT,WT,G13D,WT,WT,WT,WT,WT,WT,WT,WT,WT
05CO054,WT,D1486Ifs*21,WT,WT,WT,WT,A146V,WT,WT,WT,WT,WT,WT,Q393Sfs*10,WT,R196*
06CO001,WT,S1346* S960*,WT,WT,WT,WT,WT,WT,WT,WT,WT,WT,WT,WT,WT,R273C
06CO002,WT,E1379*,WT,WT,WT,WT,WT,WT,M1043I,WT,WT,WT,WT,WT,WT,E224D
09CO005,WT,E1209* S1436Rfs*37,WT,WT,WT,WT,G12D,WT,H1047R,WT,WT,WT,WT,WT,WT,WT
09CO006,WT,D842Ifs*19,WT,WT,WT,WT,L19F,WT,WT,WT,WT,WT,WT,Q505Tfs*73,WT,WT
09CO008,WT,L1488Yfs*19 N809Ifs*11,WT,WT,WT,WT,WT,WT,WT,WT,WT,WT,WT,WT,WT,L111Q
09CO011,WT,E941* Q1480*,WT,WT,WT,WT,G12D,WT,WT,WT,WT,WT,K46*,WT,WT,WT
09CO013,WT,T1556Nfs*3,M1634*,WT,WT,WT,G12V,WT,WT,WT,WT,WT,WT,WT,WT,WT
09CO014,R497*,R1450*,WT,WT,WT,WT,A146T,WT,WT,WT,WT,WT,WT,WT,WT,R273C
09CO015,WT,R216*,WT,WT,WT,WT,WT,WT,WT,WT,WT,WT,WT,WT,WT,R306*
09CO018,WT,K1370*,WT,WT,WT,WT,WT,G12D,WT,WT,WT,WT,WT,WT,WT,WT
09CO019,WT,Q1406* S982*,WT,WT,WT,WT,G12V,WT,WT,WT,WT,WT,WT,WT,WT,C135F
09CO022,R358*,R1450* Q480Pfs*5,WT,WT,WT,WT,G12D,WT,WT,WT,WT,WT,WT,WT,WT,Y163H
11CO005,R531*,Q1242*,WT,WT,WT,WT,Q61H,WT,WT,WT,WT,WT,P356L,R264Qfs*32,WT,WT
11CO007,WT,D849Rfs*2 T1556Lfs*9,WT,WT,WT,WT,WT,WT,WT,WT,D24N,G659Vfs*41,WT,WT,WT,WT
11CO008,WT,S1272*,WT,WT,WT,G423V,A146T,WT,WT,WT,WT,WT,WT,WT,WT,W53*
11CO010,WT,S546Efs*14,WT,WT,WT,WT,WT,WT,WT,WT,WT,WT,WT,WT,WT,G245S
11CO018,WT,WT,D1850Tfs*33,WT,V600E,WT,WT,WT,R108H,WT,WT,G659Vfs*41 R132*,WT,WT,WT,WT
11CO019,WT,R805* L1489Yfs*19,WT,WT,G466V,K377*,WT,WT,WT,WT,WT,WT,WT,WT,WT,G262V
11CO020,WT,Q1447Tfs*27,WT,E1228* R2568Ifs*5,WT,WT,K117N,WT,WT,WT,WT,WT,WT,WT,WT,WT
11CO021,WT,S837* D1285Mfs*3,WT,WT,WT,WT,G12V,WT,WT,WT,WT,WT,WT,WT,WT,E258* M237V
11CO022,WT,R283*,WT,WT,WT,WT,WT,WT,WT,WT,WT,WT,WT,WT,WT,A138V
11CO027,WT,S1346*,G2087R,WT,WT,WT,WT,WT,E545K,WT,WT,WT,WT,WT,WT,S215N
11CO030,WT,S1327*,WT,WT,WT,WT,WT,WT,WT,WT,WT,WT,WT,WT,WT,I195T
11CO031,K12Rfs*41,WT,P599Sfs*24,WT,WT,WT,WT,WT,WT,WT,WT,WT,WT,WT,WT,WT
11CO032,WT,T1301Nfs*14,WT,WT,WT,WT,WT,WT,WT,WT,WT,WT,Y434*,WT,WT,E286K
11CO033,WT,M91Cfs*34,WT,WT,WT,S668Vfs*39,WT,WT,K111E,WT,L181P,R117Pfs*41 F139Lfs*19,WT,WT,K468Sfs*23,WT
11CO036,WT,G1412* S587Afs*3,WT,WT,WT,WT,WT,WT,E545K,WT,WT,WT,WT,WT,K468Sfs*23,T140A
11CO037,WT,WT,WT,WT,WT,WT,WT,WT,WT,WT,WT,WT,WT,WT,WT,Y126D
11CO039,WT,R213*,WT,WT,WT,WT,WT,WT,WT,WT,WT,WT,WT,WT,WT,R273H
11CO042,WT,WT,Y551*,WT,WT,WT,WT,WT,WT,WT,WT,WT,WT,WT,WT,C141Y
11CO043,WT,L1489Pfs*15,WT,WT,WT,WT,G12D,WT,WT,WT,WT,WT,WT,WT,R407*,WT
11CO044,V147Lfs*24,R564* N1455Kfs*2,WT,WT,WT,R505L,G12V,WT,WT,WT,WT,WT,WT,S414*,WT,F270L
11CO045,WT,Q1429*,WT,WT,WT,WT,G12D,WT,WT,WT,WT,WT,WT,WT,WT,P301Qfs*44
11CO047,WT,P1439Lfs*34,WT,WT,WT,R278*,WT,WT,WT,WT,WT,WT,WT,WT,WT,WT
11CO048,WT,WT,WT,WT,WT,WT,WT,Q61R,WT,WT,WT,WT,WT,WT,WT,W91*
11CO051,WT,Q1035*,WT,WT,V600E,WT,WT,WT,E545A,WT,WT,WT,WT,WT,WT,WT
11CO052,WT,Y1376*,WT,WT,WT,WT,V14I,WT,H1047R,WT,WT,WT,WT,WT,Q90*,S33Ffs*8
11CO053,WT,P1319Lfs*2 S246Cfs*49,WT,WT,WT,WT,WT,WT,WT,WT,WT,WT,WT,WT,WT,P190L
11CO054,WT,R554* E241Kfs*52,WT,WT,WT,WT,WT,G12V,WT,WT,WT,WT,WT,WT,WT,WT
11CO057,WT,D1486Ifs*21,WT,WT,WT,WT,G12V,WT,Q546K,WT,WT,WT,WT,WT,WT,WT
11CO058,WT,L1488Yfs*19,WT,WT,WT,WT,Q61L,WT,WT,WT,WT,WT,WT,Q175*,L458Ffs*33,WT
11CO060,WT,Q1367*,WT,WT,WT,WT,WT,WT,WT,WT,WT,WT,WT,WT,WT,E258*
11CO061,WT,WT,M1634Hfs*14,WT,WT,WT,WT,WT,WT,WT,WT,WT,WT,V306Cfs*77,WT,WT
11CO062,WT,WT,WT,WT,WT,WT,G12D,WT,H1047R,WT,WT,WT,R361C,WT,WT,WT
11CO070,WT,L1488* S317*,WT,R1875* G294*,WT,R658* E369* E134*,G13D,WT,E545G R108H R357Q,WT,WT,WT,WT,WT,WT,WT
11CO072,WT,L726Kfs*7 L1488Yfs*20,WT,WT,WT,WT,WT,WT,WT,WT,L112R,WT,WT,WT,WT,WT
11CO077,WT,E1353*,WT,WT,WT,WT,WT,WT,WT,WT,WT,WT,WT,WT,WT,R196*
11CO079,WT,E1306* R216*,WT,WT,WT,WT,WT,WT,WT,WT,WT,WT,WT,WT,WT,R273C
14CO002,WT,Q1294* N1797Kfs*2,WT,WT,WT,WT,WT,WT,WT,WT,WT,WT,WT,WT,WT,WT
14CO003,WT,WT,WT,WT,V600E,WT,WT,WT,WT,WT,WT,WT,WT,WT,K468Sfs*23,WT
14CO005,WT,L1302*,WT,WT,WT,WT,G13D,WT,WT,WT,WT,WT,WT,WT,WT,WT
15CO001,WT,WT,WT,WT,WT,WT,K117N,WT,WT,WT,WT,WT,WT,WT,WT,WT
15CO002,P212Lfs*70,R805* S713*,WT,WT,WT,WT,WT,WT,WT,WT,WT,WT,WT,WT,WT,R175H
16CO002,WT,WT,WT,WT,WT,WT,WT,WT,WT,WT,WT,WT,WT,WT,WT,WT
16CO003,WT,WT,WT,WT,WT,WT,WT,WT,WT,WT,WT,WT,WT,WT,WT,R342*
16CO006,WT,R805* Q1429*,WT,WT,WT,WT,A146T,WT,E542K,WT,WT,WT,WT,WT,WT,C238Y
16CO011,WT,R499*,WT,WT,WT,WT,WT,WT,WT,WT,WT,WT,WT,WT,WT,WT
20CO001,WT,WT,WT,WT,WT,R505C,G12C,WT,WT,WT,WT,WT,WT,WT,WT,N210Tfs*37
20CO003,WT,P1427Lfs*46 G1039Efs*17,WT,WT,WT,WT,WT,WT,WT,WT,WT,WT,WT,WT,WT,WT
20CO004,WT,Q901* T1556Nfs*3,WT,WT,WT,WT,G12V,WT,E545K,WT,WT,WT,WT,WT,WT,R342*
20CO007,WT,R805*,WT,WT,WT,WT,G12D,WT,G106V,WT,Y138S,WT,WT,WT,WT,C124*
21CO006,WT,R216* V1481Mfs*23,WT,WT,WT,WT,WT,WT,WT,WT,WT,WT,WT,WT,WT,R175H
21CO007,WT,Q1367*,WT,WT,WT,WT,G12C,WT,WT,WT,WT,WT,WT,WT,WT,WT
22CO004,WT,WT,WT,WT,WT,WT,WT,WT,WT,WT,WT,WT,WT,WT,WT,WT
22CO006,WT,WT,R1528*,WT,V600E,WT,WT,WT,WT,WT,WT,WT,WT,WT,WT,T211A
27CO004,WT,WT,WT,WT,WT,WT,G12D,WT,R108H,WT,WT,WT,WT,WT,WT,WT
05CO005,WT,R213* S1346*,WT,WT,WT,WT,WT,WT,WT,WT,WT,WT,WT,S211*,WT,WT
05CO014,WT,E1322* Q1260Lfs*13,WT,WT,WT,WT,WT,WT,WT,WT,WT,WT,WT,L252*,WT,WT
05CO055,WT,WT,Q1650*,WT,WT,WT,WT,WT,WT,WT,WT,WT,Q289*,WT,WT,WT
11CO059,WT,WT,D1850Gfs*4,WT,WT,WT,WT,WT,WT,I82Sfs*32,WT,WT,WT,WT,WT,WT
16CO012,WT,WT,WT,WT,WT,R465C,G13D,WT,E545K,WT,WT,WT,WT,P389Afs*189,WT,WT
24CO005,WT,R1114*,WT,WT,WT,WT,WT,WT,WT,WT,WT,WT,WT,WT,WT,V218E
