Patient ID,BRAF,EGFR,KEAP1,KRAS,MGA,NF1,RBM10,SMARCA4,STK11,TP53
P-0000219-T01-IM3,V459L,E746_A750del,WT,WT,NS,WT,WT,WT,WT,WT
P-0000280-T01-IM3,WT,L858R,WT,WT,NS,WT,WT,WT,WT,WT
P-0000627-T02-IM5,WT,WT,WT,G12D,WT,WT,WT,WT,WT,WT
P-0000867-T01-IM3,D594N,WT,WT,WT,NS,WT,WT,WT,WT,WT
P-0001944-T01-IM3,WT,WT,G603W,G12D,NS,WT,WT,WT,X155_splice,WT
P-0002534-T01-IM3,WT,L858R,WT,WT,NS,WT,WT,WT,WT,X257_splice
P-0002544-T01-IM3,WT,WT,WT,G12C,NS,WT,WT,WT,WT,R273C
P-0002557-T01-IM3,WT,E746_A750del,WT,WT,NS,WT,WT,WT,WT,WT
P-0002768-T02-IM6,WT,T790M L747_A750delinsP C797S,WT,WT,WT,WT,WT,WT,WT,WT
P-0002880-T02-IM6,WT,E746_A750del,WT,WT,WT,WT,WT,WT,WT,WT
P-0002949-T01-IM3,WT,WT,WT,G12R,NS,WT,E67*,WT,WT,WT
P-0003096-T01-IM5,WT,L858R S768I,WT,WT,WT,WT,WT,WT,WT,WT
P-0003323-T01-IM5,WT,WT,WT,WT,WT,WT,WT,WT,WT,WT
P-0003489-T01-IM5,WT,WT,WT,G13C,WT,WT,WT,WT,WT,V272M
P-0003573-T01-IM5,WT,E746_A750del,WT,WT,WT,WT,WT,WT,WT,WT
P-0003734-T01-IM5,WT,WT,R565*,G13C,WT,WT,E665*,WT,K78N,WT
P-0003785-T01-IM5,G469A,WT,WT,WT,WT,V472*,WT,WT,WT,WT
P-0004105-T01-IM5,WT,L747_A755delinsSMS,WT,WT,WT,WT,WT,WT,WT,R273C
P-0004271-T01-IM5,WT,WT,WT,G12D,WT,WT,WT,WT,WT,WT
P-0004335-T01-IM5,WT,WT,R601L,G12V,WT,WT,WT,WT,WT,WT
P-0004361-T01-IM5,WT,WT,WT,G12C,K940*,WT,WT,WT,WT,A159P
P-0004530-T02-IM6,WT,WT,WT,G12C,WT,WT,WT,WT,WT,WT
P-0004678-T01-IM5,WT,L858R,WT,WT,WT,WT,WT,WT,WT,WT
P-0004714-T01-IM5,WT,L858R,WT,WT,WT,WT,WT,WT,WT,E171*
P-0004730-T01-IM5,WT,E746_A750del,WT,WT,WT,WT,WT,WT,WT,WT
P-0004858-T01-IM5,WT,WT,WT,WT,WT,WT,WT,WT,W239C,WT
P-0004860-T01-IM5,WT,WT,WT,G12D,WT,WT,WT,WT,WT,X187_splice
P-0004878-T01-IM5,WT,WT,WT,WT,WT,WT,WT,WT,WT,WT
P-0004882-T01-IM5,WT,WT,WT,WT,WT,WT,WT,WT,WT,WT
P-0005094-T01-IM5,WT,G719A,WT,WT,WT,WT,WT,WT,WT,D281V
P-0005170-T01-IM5,WT,WT,WT,WT,WT,WT,WT,WT,X97_splice,WT
P-0005190-T01-IM5,WT,WT,G603V,G12S,WT,WT,WT,WT,V243Gfs*23,WT
P-0005194-T01-IM5,WT,WT,WT,G12V,WT,WT,WT,WT,W308L,WT
P-0005198-T01-IM5,WT,E746_S752delinsV,WT,WT,WT,WT,S414*,WT,WT,WT
P-0005544-T02-IM5,WT,WT,WT,G12V,WT,WT,G203*,WT,WT,R273L
P-0005567-T01-IM5,WT,WT,WT,WT,WT,WT,WT,WT,WT,V157F S241Y
P-0005580-T01-IM5,WT,L858R,WT,WT,WT,WT,WT,WT,WT,WT
P-0005694-T01-IM5,WT,WT,WT,WT,WT,Q854* G675*,WT,WT,WT,WT
P-0005845-T01-IM5,WT,L858R,WT,WT,WT,WT,WT,WT,WT,WT
P-0005873-T01-IM5,WT,WT,WT,G13D,WT,WT,G306Vfs*6,WT,WT,WT
P-0005881-T02-IM5,WT,WT,WT,G12C,WT,WT,WT,WT,WT,R110L
P-0005927-T01-IM5,WT,WT,WT,WT,WT,WT,WT,WT,E57Kfs*7,WT
P-0005942-T01-IM5,WT,WT,WT,WT,WT,WT,WT,WT,WT,X261_splice D184Efs*64
P-0005975-T01-IM5,WT,WT,G433Afs*25,G12C,WT,WT,WT,X1259_splice E1293*,Y60*,WT
P-0006002-T01-IM5,WT,E746_A750del,WT,WT,WT,WT,WT,WT,WT,V172D
P-0006028-T01-IM5,WT,E746_A750del,WT,WT,WT,WT,WT,WT,WT,WT
P-0006060-T01-IM5,WT,WT,WT,G12C,WT,WT,WT,WT,WT,H179R
P-0006085-T01-IM5,WT,WT,WT,WT,WT,WT,WT,WT,WT,WT
P-0006115-T01-IM5,WT,E746_A750del,WT,WT,WT,WT,WT,WT,WT,W91*
P-0006127-T01-IM5,WT,WT,WT,WT,WT,WT,WT,WT,WT,R248W
P-0006139-T01-IM5,WT,L858R,WT,WT,WT,WT,T293Nfs*10,WT,WT,WT
P-0006140-T01-IM5,WT,WT,WT,G12A,WT,WT,WT,WT,WT,WT
P-0006210-T01-IM5,WT,L858R,WT,WT,WT,WT,WT,WT,WT,X33_splice
P-0006343-T01-IM5,WT,WT,WT,G12C,WT,WT,WT,WT,WT,WT
P-0006421-T01-IM5,WT,WT,WT,G12S,WT,WT,WT,WT,WT,R273H L264Hfs*81
P-0006485-T01-IM5,WT,WT,WT,G12C,WT,WT,WT,WT,WT,WT
P-0006640-T01-IM5,WT,E746_A750del,WT,WT,WT,WT,WT,WT,WT,WT
P-0006747-T01-IM5,WT,WT,WT,G12V,WT,WT,WT,WT,WT,R156P
P-0006768-T01-IM5,WT,WT,WT,WT,WT,WT,WT,WT,WT,R213*
P-0006793-T01-IM5,WT,WT,WT,WT,WT,WT,WT,WT,E256*,R209Kfs*6
P-0006912-T01-IM5,WT,E746_A750del,WT,WT,WT,WT,WT,WT,WT,A86Vfs*55
P-0006920-T01-IM5,WT,WT,WT,WT,WT,WT,WT,WT,WT,I254L T256_S260del
P-0006969-T01-IM5,WT,WT,WT,WT,WT,WT,WT,WT,WT,R175H
P-0007004-T01-IM5,WT,WT,WT,G12A,WT,WT,WT,WT,X245_splice,WT
P-0007050-T01-IM5,WT,WT,WT,WT,WT,WT,WT,WT,WT,WT
P-0007074-T01-IM5,WT,WT,WT,G12C,WT,WT,WT,WT,P221Afs*61,WT
P-0007080-T03-IM6,WT,L858R,WT,WT,WT,WT,WT,WT,WT,WT
P-0007121-T01-IM5,WT,WT,WT,G12C,WT,WT,WT,E1399Rfs*60,WT,S215I
P-0007328-T01-IM5,WT,WT,WT,WT,P725Rfs*19,WT,WT,Q1562Rfs*34,WT,L264_N268del
P-0007542-T01-IM5,WT,WT,WT,WT,WT,E962*,WT,WT,WT,R158L
P-0007545-T01-IM5,WT,L747_T751del,WT,WT,WT,WT,WT,WT,WT,WT
P-0007638-T01-IM5,WT,WT,WT,G12D,WT,WT,WT,WT,WT,WT
P-0007776-T01-IM5,WT,WT,WT,G12C,WT,WT,WT,WT,WT,WT
P-0007779-T01-IM5,WT,L858R,WT,WT,WT,WT,WT,WT,WT,X246_splice
P-0007816-T01-IM5,WT,WT,WT,G12C,WT,WT,X67_splice,WT,WT,WT
P-0007846-T01-IM5,WT,L858R,WT,WT,WT,WT,Q485*,WT,WT,WT
P-0007896-T01-IM5,WT,L858R,WT,WT,WT,WT,WT,WT,WT,R248W
P-0007916-T01-IM5,WT,WT,WT,G12A,WT,WT,X812_splice,WT,WT,WT
P-0008002-T01-IM5,WT,WT,WT,WT,W763*,WT,WT,WT,WT,C242Afs*5 C135Lfs*14 M133I
P-0008029-T01-IM5,WT,WT,WT,G12A,WT,WT,WT,WT,WT,WT
P-0008176-T01-IM5,WT,WT,WT,G12D,WT,WT,WT,WT,WT,WT
P-0008292-T01-IM5,WT,L747_A750delinsP,WT,WT,WT,WT,WT,WT,WT,WT
P-0008440-T01-IM5,WT,WT,WT,WT,WT,Q1189* Q2288*,WT,WT,WT,WT
P-0008553-T01-IM5,WT,WT,WT,G12A,WT,WT,WT,WT,WT,H179L
P-0008576-T01-IM5,WT,WT,WT,G12C,WT,WT,WT,WT,WT,G154V
P-0008577-T02-IM5,WT,L858R,WT,WT,WT,WT,E662*,WT,WT,R273H
P-0008601-T01-IM5,WT,L62R L858R,WT,WT,WT,WT,WT,WT,WT,R213*
P-0008664-T01-IM5,WT,L858R,WT,WT,WT,WT,L285Sfs*115,WT,WT,R273H
P-0008957-T01-IM5,WT,WT,WT,WT,WT,WT,WT,WT,K146*,Y205H
P-0009042-T01-IM5,WT,A750P E746_A750delinsIP,WT,WT,WT,WT,WT,WT,WT,WT
P-0009092-T01-IM5,WT,WT,WT,WT,WT,WT,WT,WT,WT,X187_splice
P-0009194-T01-IM5,WT,WT,E542*,G13C,WT,WT,WT,WT,WT,WT
P-0009260-T01-IM5,WT,L858R R776C,WT,WT,WT,WT,WT,WT,WT,WT
P-0009289-T01-IM5,WT,WT,WT,G12V,WT,WT,WT,WT,X125_splice,WT
P-0009312-T01-IM5,WT,WT,WT,WT,WT,WT,WT,WT,WT,G154_T155del
P-0009313-T01-IM5,G466V,WT,WT,WT,WT,WT,WT,WT,WT,V157F
P-0009358-T01-IM5,WT,WT,WT,WT,WT,X1066_splice,WT,WT,X307_splice,WT
P-0009422-T01-IM5,WT,WT,WT,G12A,WT,WT,WT,WT,WT,WT
P-0009462-T01-IM5,WT,WT,WT,G12C,WT,WT,WT,WT,V243Sfs*44,WT
P-0009590-T01-IM5,WT,WT,WT,G12C,WT,WT,WT,WT,T249Gfs*37,WT
P-0009633-T01-IM5,WT,WT,WT,G12V,WT,WT,WT,WT,WT,WT
P-0009643-T01-IM5,WT,WT,WT,WT,WT,WT,WT,WT,WT,WT
P-0009702-T01-IM5,WT,WT,WT,WT,WT,X1066_splice,WT,WT,WT,WT
P-0009742-T01-IM5,WT,WT,WT,WT,WT,WT,WT,WT,WT,WT
P-0009823-T01-IM5,WT,WT,WT,G12D,WT,WT,WT,WT,WT,WT
P-0009894-T01-IM5,WT,WT,WT,WT,WT,WT,WT,WT,G279Rfs*6,R280I
P-0009920-T01-IM5,WT,WT,WT,G13C,WT,WT,WT,WT,WT,WT
P-0009937-T01-IM5,WT,WT,WT,WT,WT,WT,R5Dfs*80,WT,WT,WT
P-0009957-T01-IM5,WT,L858R,WT,WT,WT,WT,WT,WT,WT,L194R G105D
P-0009963-T01-IM5,WT,WT,WT,WT,WT,WT,WT,WT,WT,X307_splice
P-0009975-T01-IM5,WT,WT,WT,G12D,WT,WT,WT,WT,WT,WT
P-0010131-T01-IM5,WT,L858R,WT,WT,WT,WT,Q92Efs*10,WT,WT,WT
P-0010133-T01-IM5,WT,E746_A750del,WT,WT,WT,WT,WT,WT,WT,C242Y
P-0010169-T01-IM5,WT,WT,WT,Q61H,WT,WT,WT,WT,WT,WT
P-0010210-T02-IM5,WT,WT,WT,WT,WT,WT,WT,WT,WT,WT
P-0010253-T01-IM5,WT,WT,WT,WT,WT,WT,WT,WT,WT,WT
P-0010300-T01-IM5,WT,WT,WT,WT,WT,WT,WT,WT,WT,W53* C275W
P-0010307-T01-IM5,WT,WT,WT,G12C,WT,WT,WT,WT,G242V,WT
P-0010328-T01-IM5,WT,WT,WT,G12D,WT,WT,WT,WT,WT,WT
P-0010345-T01-IM5,WT,S768I G719C,WT,WT,WT,WT,WT,WT,WT,WT
P-0010359-T01-IM5,WT,E746_A750del,WT,WT,WT,WT,WT,WT,WT,WT
P-0010404-T01-IM5,WT,E746_S752delinsV,WT,WT,WT,WT,WT,WT,WT,WT
P-0010507-T01-IM5,WT,WT,WT,WT,WT,WT,WT,WT,WT,WT
P-0010522-T01-IM5,WT,WT,WT,Q61H,WT,WT,WT,WT,WT,R248W
P-0010592-T01-IM5,WT,WT,WT,G12F,WT,WT,WT,WT,WT,WT
P-0010611-T01-IM5,WT,WT,WT,G12C,WT,WT,WT,WT,WT,WT
P-0010632-T01-IM5,WT,WT,R204G,G12C,WT,WT,WT,WT,WT,WT
P-0010675-T01-IM5,WT,H773dup,WT,WT,WT,WT,WT,WT,WT,WT
P-0010741-T01-IM5,WT,WT,WT,Q61H,WT,WT,X68_splice,WT,WT,WT
P-0010785-T01-IM5,WT,WT,WT,WT,WT,WT,WT,WT,WT,T155N
P-0010841-T01-IM5,WT,WT,WT,WT,WT,WT,WT,WT,WT,WT
P-0010927-T02-IM5,WT,WT,WT,WT,WT,WT,WT,WT,WT,WT
P-0010976-T01-IM5,WT,WT,WT,WT,WT,WT,WT,WT,WT,WT
P-0010980-T01-IM5,WT,WT,WT,G12C,WT,WT,WT,X373_splice,W308C,WT
P-0011005-T01-IM5,WT,WT,M550Ifs*24,G12C,WT,WT,Q571*,WT,P314Lfs*22,WT
P-0011041-T01-IM5,WT,WT,WT,WT,WT,WT,WT,WT,A206Rfs*81,WT
P-0011150-T01-IM5,WT,WT,WT,G12C,WT,Q1188*,WT,WT,WT,E298*
P-0011157-T01-IM5,WT,WT,WT,G12C,WT,WT,Q51*,WT,WT,WT
P-0011183-T01-IM5,WT,WT,WT,G12A,WT,WT,WT,WT,WT,P278S
P-0011234-T02-IM5,WT,E746_A750del,WT,WT,WT,WT,WT,WT,WT,WT
P-0011236-T01-IM5,WT,WT,WT,G12A,WT,WT,WT,WT,WT,WT
P-0011327-T02-IM5,WT,WT,WT,G12C,WT,WT,WT,WT,WT,WT
P-0011413-T01-IM5,WT,L747_T751del,WT,WT,WT,WT,WT,WT,WT,WT
P-0011461-T01-IM5,WT,WT,WT,G12A,WT,WT,WT,WT,WT,T211I
P-0012056-T01-IM5,WT,WT,WT,WT,WT,WT,WT,WT,WT,R282G
P-0012065-T01-IM5,WT,WT,T142M,G12V,WT,WT,WT,WT,Y60*,WT
P-0012079-T01-IM5,WT,L858R,WT,WT,WT,WT,WT,WT,WT,K132M
P-0012088-T01-IM5,WT,WT,WT,WT,X2398_splice,WT,Q200*,WT,WT,R280T Q331*
P-0012089-T01-IM5,WT,E746_A750del,WT,WT,WT,WT,WT,WT,WT,E51Nfs*72
P-0012111-T01-IM5,WT,WT,WT,G12C,WT,WT,WT,WT,WT,WT
P-0012151-T01-IM5,WT,WT,WT,WT,WT,WT,WT,WT,WT,WT
P-0012161-T01-IM5,WT,WT,WT,WT,WT,WT,WT,WT,WT,I162S
P-0012308-T01-IM5,N581S,WT,R204P,WT,WT,WT,WT,WT,X307_splice,WT
P-0012439-T01-IM5,WT,L858R,WT,WT,WT,WT,WT,WT,WT,WT
P-0012456-T01-IM5,WT,WT,WT,G12D,WT,WT,WT,WT,WT,F134V
P-0012476-T02-IM6,WT,WT,WT,WT,WT,WT,WT,WT,P281Rfs*6,WT
P-0012540-T01-IM5,WT,WT,WT,WT,X730_splice,WT,WT,WT,WT,L114Cfs*9
P-0012569-T01-IM5,WT,WT,WT,G12C,WT,WT,WT,WT,WT,WT
P-0012592-T01-IM5,WT,E746_A750del,WT,WT,WT,WT,WT,WT,WT,R248Q
P-0012648-T01-IM5,WT,WT,WT,WT,WT,WT,WT,WT,WT,WT
P-0012649-T01-IM5,WT,WT,WT,G12C,WT,WT,WT,WT,WT,WT
P-0012664-T01-IM5,WT,L858R,WT,WT,WT,WT,WT,WT,WT,WT
P-0012739-T02-IM6,WT,WT,WT,G12C,WT,WT,WT,WT,WT,WT
P-0012746-T01-IM5,WT,WT,WT,G12V,WT,WT,WT,WT,WT,E285K
P-0012757-T01-IM5,WT,WT,WT,G12A,WT,WT,WT,WT,WT,WT
P-0012788-T01-IM5,WT,E746_A750del,WT,WT,WT,WT,WT,WT,WT,X25_splice
P-0012894-T01-IM5,N581I,WT,WT,WT,WT,WT,WT,WT,WT,WT
P-0012913-T01-IM5,WT,WT,WT,G12C,WT,WT,WT,WT,WT,C242Lfs*5
P-0012922-T01-IM5,WT,E746_A750del,WT,WT,WT,WT,WT,WT,WT,Q192* K382Nfs*40 E271Q
P-0013016-T01-IM5,WT,L858R,WT,WT,WT,WT,WT,WT,WT,D228Vfs*18
P-0013142-T01-IM5,WT,WT,V197Yfs*33,WT,WT,E1717*,WT,WT,WT,R248W
P-0013273-T02-IM5,WT,WT,WT,G12A,WT,WT,WT,WT,WT,WT
P-0013295-T01-IM5,WT,WT,WT,A59G,WT,WT,WT,WT,WT,G226_C229del
P-0013338-T01-IM5,WT,WT,WT,G12D,WT,WT,K756*,WT,WT,WT
P-0013376-T01-IM5,WT,WT,WT,G12V,WT,WT,S323Wfs*83,L196Sfs*107,WT,WT
P-0013460-T02-IM5,WT,WT,WT,G12C,WT,WT,WT,WT,WT,WT
P-0013509-T01-IM5,K601N,WT,WT,WT,WT,W267* E1327*,WT,WT,WT,Q317*
P-0013511-T01-IM5,WT,WT,WT,G12C,WT,WT,WT,WT,S216F,WT
P-0013531-T01-IM5,WT,L858R,WT,WT,WT,WT,Q480*,WT,WT,Q136*
P-0013534-T01-IM5,WT,L747_P753delinsS,WT,WT,WT,WT,W678_Q679delinsC*,WT,WT,WT
P-0013696-T01-IM5,D594N,WT,WT,WT,WT,WT,WT,WT,X307_splice,WT
P-0013701-T01-IM5,WT,WT,WT,Q61H,WT,WT,WT,WT,WT,WT
P-0013702-T01-IM5,WT,WT,WT,G12V,WT,WT,WT,WT,WT,WT
P-0013705-T01-IM5,WT,H773_V774insHH,WT,WT,WT,WT,WT,WT,WT,WT
P-0013708-T01-IM5,WT,S768_D770dup,WT,WT,WT,WT,WT,WT,WT,WT
P-0013710-T01-IM5,WT,WT,WT,G12C,S1259Ffs*15,WT,WT,WT,WT,WT
P-0013752-T01-IM5,WT,WT,WT,G12A,WT,WT,WT,WT,WT,WT
P-0013759-T01-IM5,WT,E746_A750del,WT,WT,WT,WT,WT,WT,WT,WT
P-0013794-T01-IM5,WT,WT,WT,G12C,WT,WT,WT,WT,WT,WT
P-0013813-T01-IM5,WT,V292L,WT,G13C,WT,WT,WT,WT,WT,WT
P-0013825-T01-IM5,WT,WT,WT,WT,WT,WT,WT,WT,WT,WT
P-0013867-T01-IM5,WT,WT,WT,G12V,WT,WT,WT,WT,WT,Q192*
P-0013872-T01-IM5,WT,G719A,WT,WT,WT,WT,E665*,WT,WT,R213Q
P-0013900-T01-IM5,WT,WT,WT,G12_G13delinsDC,WT,WT,WT,WT,WT,WT
P-0013919-T01-IM5,WT,WT,WT,WT,WT,WT,WT,WT,WT,WT
P-0013966-T01-IM5,V600E,WT,WT,WT,WT,WT,WT,WT,WT,WT
P-0013978-T02-IM6,WT,WT,WT,G12C,WT,WT,WT,WT,WT,WT
P-0013993-T01-IM5,WT,L861Q,WT,G12C,WT,WT,WT,WT,WT,R158L
P-0014011-T01-IM5,WT,WT,WT,WT,WT,WT,WT,WT,WT,WT
P-0014089-T01-IM5,WT,WT,WT,Q61A,WT,WT,WT,WT,WT,WT
P-0014135-T02-IM5,WT,WT,WT,Q61L,WT,WT,WT,WT,WT,C242F R158L
P-0014221-T01-IM6,WT,WT,WT,G12C,WT,WT,WT,WT,WT,WT
P-0014222-T01-IM6,WT,E746_A750del,WT,WT,WT,WT,WT,WT,WT,R158L
P-0014223-T02-IM6,WT,H773_V774insAH,WT,WT,WT,WT,WT,WT,WT,WT
P-0014232-T01-IM6,WT,WT,WT,G12C,WT,WT,WT,WT,WT,C135W
P-0014239-T01-IM6,WT,WT,WT,WT,WT,WT,WT,WT,WT,V73Afs*51 V73Wfs*50
P-0014257-T01-IM6,WT,WT,WT,WT,WT,WT,WT,WT,K84*,WT
P-0014266-T01-IM6,WT,E746_A750del,WT,WT,WT,WT,WT,WT,WT,Y163C
P-0014285-T03-IM6,WT,WT,WT,G12D,K2075*,WT,WT,WT,WT,L35Ffs*8
P-0014297-T01-IM6,WT,WT,WT,G12C,WT,WT,WT,WT,WT,WT
P-0014413-T01-IM6,WT,WT,WT,G12D,WT,WT,WT,WT,WT,WT
P-0014430-T01-IM6,WT,WT,WT,WT,WT,WT,WT,WT,WT,R213P
P-0014437-T01-IM6,WT,WT,WT,WT,WT,WT,WT,WT,WT,Q331*
P-0014453-T02-IM6,N581S,WT,WT,WT,WT,WT,Q370Rfs*37,WT,P281Rfs*6,WT
P-0014496-T01-IM6,WT,WT,WT,G12C,WT,WT,WT,WT,X288_splice,WT
P-0014502-T01-IM6,WT,L747_T751del,WT,WT,WT,WT,WT,WT,WT,WT
P-0014525-T01-IM6,WT,L861R,WT,WT,WT,WT,WT,WT,WT,Y220C
P-0014572-T01-IM6,WT,L858R,WT,WT,WT,WT,WT,WT,WT,Y220C
P-0014612-T01-IM6,WT,L858R,WT,WT,WT,WT,E81*,WT,WT,WT
P-0014614-T01-IM6,WT,WT,WT,G12D,WT,WT,WT,WT,WT,L308Qfs*27
P-0014688-T01-IM6,WT,WT,WT,WT,WT,WT,WT,WT,WT,WT
P-0014805-T01-IM6,WT,WT,WT,G12C,WT,WT,WT,WT,WT,WT
P-0014817-T02-IM6,WT,WT,WT,G12C,WT,WT,R186Gfs*3,WT,WT,WT
P-0014875-T01-IM6,WT,L858R,WT,WT,WT,WT,WT,WT,WT,WT
P-0014878-T01-IM6,WT,L62R L858R,WT,WT,WT,WT,WT,WT,WT,T150Hfs*20
P-0014906-T01-IM6,WT,WT,WT,WT,WT,WT,WT,WT,WT,WT
P-0014990-T01-IM6,G466V,WT,WT,WT,WT,WT,WT,WT,WT,R248W
P-0014996-T01-IM6,WT,L747P,WT,WT,WT,WT,WT,WT,WT,WT
P-0015018-T01-IM6,WT,WT,E488*,WT,G797*,X244_splice,WT,WT,WT,R282W P153Afs*28
P-0015056-T01-IM6,V600K,WT,WT,WT,WT,WT,WT,WT,WT,WT
P-0015073-T01-IM6,WT,WT,WT,G12C,WT,WT,WT,WT,P281Rfs*6,S241Y
P-0015112-T01-IM6,WT,WT,WT,G12C,WT,WT,E605*,WT,WT,WT
P-0015256-T01-IM6,WT,WT,Q193Lfs*36,G12D,WT,WT,WT,WT,X288_splice,WT
P-0015332-T01-IM6,WT,E746_S752delinsV,WT,WT,L1800Ffs*38,WT,WT,WT,WT,WT
P-0015352-T01-IM6,WT,WT,WT,WT,WT,WT,WT,WT,WT,WT
P-0015358-T01-IM6,H574L,WT,WT,WT,WT,WT,WT,WT,K269*,WT
P-0015360-T02-IM6,WT,WT,WT,WT,WT,WT,WT,WT,WT,V157F
P-0015368-T01-IM6,WT,WT,C249F,WT,WT,WT,WT,WT,Q159*,W91* R290H
P-0015388-T01-IM6,WT,WT,WT,WT,WT,WT,WT,E821K,WT,WT
P-0015431-T01-IM6,WT,WT,WT,G12C,WT,WT,WT,WT,X155_splice,WT
P-0015454-T01-IM6,WT,WT,WT,G12C,WT,WT,WT,X1390_splice,X97_splice,WT
P-0015470-T01-IM6,WT,S768I,WT,WT,WT,WT,WT,WT,WT,WT
P-0015576-T02-IM6,WT,WT,WT,A59T,I357Nfs*6 D2165Lfs*29,WT,WT,WT,WT,WT
P-0015578-T01-IM6,WT,WT,WT,WT,WT,WT,WT,WT,X97_splice,R283P
P-0015592-T01-IM6,WT,WT,WT,G12C,WT,WT,WT,WT,WT,WT
P-0015601-T01-IM6,WT,WT,WT,WT,WT,WT,WT,WT,WT,WT
P-0015677-T01-IM6,WT,WT,WT,G12V,WT,WT,WT,WT,WT,WT
P-0015815-T01-IM6,WT,WT,V155F,G12C,WT,WT,WT,WT,R297T,WT
P-0015862-T01-IM6,WT,WT,WT,WT,WT,WT,WT,WT,G233Afs*54,R249S
P-0015934-T01-IM6,WT,WT,WT,WT,WT,S575*,WT,WT,WT,X307_splice
P-0015973-T01-IM6,WT,WT,WT,WT,WT,WT,WT,WT,WT,W91*
P-0016021-T01-IM6,WT,G719A,WT,WT,WT,WT,WT,WT,WT,P128Lfs*42
P-0016026-T01-IM6,WT,WT,WT,G12A,WT,WT,WT,WT,WT,WT
P-0016036-T01-IM6,WT,WT,WT,Q61H,WT,WT,WT,WT,WT,R273C
P-0016043-T02-IM6,WT,WT,WT,G12C,X774_splice,WT,WT,WT,WT,WT
P-0016050-T01-IM6,WT,WT,WT,G12V,WT,WT,WT,WT,WT,WT
P-0016165-T01-IM6,WT,WT,WT,WT,WT,WT,WT,WT,WT,WT
P-0016172-T01-IM6,WT,WT,WT,G13C,WT,WT,Q200*,WT,WT,V274F
P-0016173-T01-IM6,WT,WT,WT,G12S,WT,WT,WT,WT,WT,Q104_G105delinsLC
P-0016204-T01-IM6,WT,L858R,WT,WT,WT,WT,K135Qfs*4,WT,WT,WT
P-0016250-T01-IM6,WT,WT,WT,WT,WT,WT,WT,WT,WT,WT
P-0016309-T01-IM6,WT,E746_A750del,WT,WT,WT,WT,WT,WT,WT,WT
P-0016368-T01-IM6,WT,WT,WT,Q61H,WT,WT,WT,WT,WT,WT
P-0016378-T01-IM6,WT,L747_A750delinsP,WT,WT,WT,WT,WT,WT,WT,WT
P-0016398-T01-IM6,WT,WT,WT,WT,WT,WT,WT,WT,WT,WT
P-0016464-T01-IM6,WT,WT,WT,WT,WT,X751_splice,Q64*,WT,WT,WT
P-0016471-T01-IM6,WT,WT,D479N,WT,WT,WT,X309_splice X339_splice,WT,P281Rfs*6,WT
P-0016504-T01-IM6,WT,WT,WT,WT,WT,WT,WT,WT,WT,WT
P-0016527-T01-IM6,WT,WT,WT,G12F,WT,WT,WT,E1394*,E145*,WT
P-0016539-T01-IM6,WT,WT,WT,G12D,WT,WT,X645_splice,WT,WT,WT
P-0016544-T01-IM6,WT,WT,WT,G12A,WT,WT,X309_splice,WT,WT,WT
P-0016613-T04-IM6,WT,WT,WT,G12D,WT,WT,WT,WT,WT,Y205C
P-0016736-T01-IM6,WT,WT,WT,WT,WT,WT,WT,WT,WT,WT
P-0016781-T01-IM6,WT,WT,Q86*,WT,WT,WT,WT,WT,G242V,G199E
P-0016867-T01-IM6,WT,WT,WT,G13C,WT,WT,WT,WT,WT,R213*
P-0017038-T01-IM6,WT,L858R,WT,WT,WT,WT,A436Gfs*4,WT,WT,WT
P-0017049-T01-IM6,WT,WT,G333C,G12C,WT,WT,WT,WT,WT,R249S
P-0017231-T01-IM6,WT,L858R L833V,WT,WT,WT,WT,WT,WT,WT,X187_splice
P-0017321-T01-IM6,WT,L858R,WT,WT,WT,WT,WT,WT,WT,Y107D
P-0017322-T03-IM6,WT,WT,WT,G12C,WT,WT,WT,WT,WT,WT
P-0017324-T01-IM6,WT,WT,WT,G12C,WT,WT,WT,WT,WT,WT
P-0017328-T01-IM6,WT,E709_T710delinsD,WT,WT,WT,WT,WT,WT,WT,WT
P-0017369-T01-IM6,WT,WT,WT,WT,WT,WT,WT,WT,WT,WT
P-0017389-T01-IM6,WT,WT,WT,G12D,WT,WT,WT,WT,WT,L137Pfs*32
P-0017437-T01-IM6,WT,WT,WT,WT,WT,WT,WT,WT,WT,WT
P-0017448-T01-IM6,WT,WT,WT,G12V,WT,WT,WT,WT,WT,WT
P-0017500-T01-IM6,WT,WT,WT,G12V,WT,WT,WT,WT,WT,V157F
P-0017523-T02-IM6,WT,WT,WT,WT,WT,WT,WT,WT,WT,N239D
P-0017534-T01-IM5,WT,L858R,WT,WT,WT,WT,WT,WT,WT,WT
P-0017546-T01-IM5,WT,WT,WT,G12C,WT,WT,T478Lfs*148,WT,WT,WT
P-0017594-T01-IM5,WT,L747_T751del,WT,WT,WT,WT,X115_splice,WT,WT,WT
P-0017633-T01-IM5,WT,WT,WT,WT,WT,WT,WT,WT,WT,WT
P-0017780-T01-IM6,WT,L747_P753delinsS,WT,WT,WT,WT,WT,WT,WT,WT
P-0017803-T01-IM6,WT,WT,D422N,WT,WT,WT,WT,WT,WT,X225_splice
P-0017904-T01-IM6,WT,T751_E758del,WT,WT,WT,WT,WT,WT,WT,WT
P-0017915-T01-IM6,WT,WT,WT,G12D,WT,WT,R666Lfs*58,WT,WT,WT
P-0017973-T01-IM6,WT,WT,WT,WT,WT,WT,WT,WT,E223*,G199V
P-0017976-T01-IM6,WT,WT,WT,G12C,WT,WT,WT,WT,WT,WT
P-0017991-T01-IM6,WT,WT,WT,WT,WT,WT,WT,WT,A218Ffs*69,WT
P-0018007-T01-IM6,WT,WT,WT,WT,WT,WT,WT,WT,WT,C141Y
P-0018043-T01-IM6,WT,WT,WT,WT,WT,WT,WT,WT,WT,T253I
P-0018047-T01-IM6,WT,WT,WT,WT,WT,WT,WT,WT,G196C,WT
P-0018069-T01-IM6,WT,WT,WT,WT,WT,WT,WT,WT,WT,M66Cfs*57
P-0018171-T01-IM6,WT,WT,WT,WT,WT,WT,WT,WT,WT,WT
P-0018196-T01-IM6,WT,L747_P753delinsS,WT,WT,WT,WT,WT,WT,WT,R282W
P-0018201-T01-IM6,WT,L858R,WT,WT,WT,WT,E605*,WT,WT,E180K D184N
P-0018327-T01-IM6,V600E,WT,WT,WT,WT,WT,WT,WT,WT,Q104*
P-0018460-T01-IM6,WT,L747_T751del,WT,WT,WT,WT,WT,WT,WT,WT
P-0018476-T02-IM6,WT,WT,WT,WT,WT,WT,WT,WT,WT,WT
P-0018654-T02-IM6,WT,WT,WT,WT,K634*,WT,WT,WT,WT,D208V
P-0018692-T01-IM6,WT,WT,WT,G12C,WT,WT,WT,WT,WT,WT
P-0018761-T01-IM6,WT,WT,WT,G12F,WT,WT,WT,WT,WT,WT
P-0018881-T01-IM6,WT,WT,WT,G12D,WT,WT,WT,WT,WT,E258Q
P-0018967-T01-IM6,WT,WT,WT,G12C,WT,WT,WT,WT,WT,WT
P-0018969-T01-IM6,WT,WT,WT,WT,WT,WT,WT,WT,WT,WT
P-0018972-T01-IM6,WT,WT,WT,G12D,WT,WT,WT,WT,WT,WT
P-0019023-T03-IM6,WT,WT,WT,WT,WT,WT,WT,WT,WT,WT
P-0019111-T01-IM6,WT,WT,WT,WT,WT,WT,WT,WT,K269Rfs*18,E171*
P-0019131-T01-IM6,WT,E746_T751delinsA,WT,WT,WT,WT,I271Sfs*135,WT,WT,WT
P-0019329-T01-IM6,WT,E746_A750del,WT,WT,WT,WT,WT,WT,WT,WT
P-0019418-T01-IM6,WT,WT,WT,WT,WT,Q1360Sfs*20 L1773Qfs*7,E578*,WT,WT,WT
P-0019426-T01-IM6,WT,WT,WT,WT,WT,WT,WT,WT,WT,V173L
P-0019436-T01-IM6,WT,WT,WT,WT,WT,M739_E740delinsI* S883*,WT,WT,WT,R280S
P-0019444-T01-IM6,WT,WT,WT,WT,WT,WT,WT,WT,WT,V157F
P-0019469-T01-IM6,WT,WT,WT,G12C,WT,WT,WT,WT,WT,WT
P-0019495-T01-IM6,WT,WT,WT,G12V,WT,WT,WT,WT,WT,X187_splice
P-0019558-T01-IM6,WT,WT,WT,G12A,WT,WT,WT,WT,WT,WT
P-0019564-T01-IM6,WT,WT,WT,WT,WT,WT,WT,WT,WT,WT
P-0019597-T01-IM6,WT,WT,WT,G12R,WT,WT,WT,WT,WT,WT
P-0019612-T02-IM6,WT,WT,WT,WT,WT,WT,WT,WT,WT,WT
P-0019676-T01-IM6,WT,P772_H773dup,WT,WT,WT,WT,WT,WT,WT,WT
P-0019802-T01-IM6,WT,L747_P753delinsS,WT,WT,WT,WT,WT,WT,WT,WT
P-0019857-T01-IM6,WT,E746_A750del,WT,WT,WT,WT,WT,WT,WT,WT
P-0019897-T01-IM6,WT,L747_P753delinsS,WT,WT,WT,WT,Q525*,WT,WT,WT
P-0019904-T01-IM6,WT,WT,WT,G12C,WT,WT,WT,WT,WT,P250L
P-0019936-T01-IM6,WT,L858R,WT,WT,WT,WT,X645_splice,WT,WT,D281V
P-0019950-T01-IM6,K601E,WT,WT,WT,WT,WT,Q543*,WT,G251C,WT
P-0019982-T01-IM6,G596R,WT,WT,WT,WT,WT,X707_splice,WT,WT,WT
P-0020014-T01-IM6,WT,WT,WT,G12C,WT,WT,WT,WT,WT,WT
P-0020158-T01-IM6,WT,WT,WT,WT,WT,WT,WT,WT,WT,R337L
P-0020177-T01-IM6,WT,L858R,WT,WT,WT,WT,WT,WT,WT,F270V
P-0020437-T02-IM6,WT,WT,WT,G12C,WT,WT,Q587Tfs*8,WT,WT,WT
P-0020438-T01-IM6,WT,WT,WT,WT,WT,WT,WT,WT,Q137*,WT
P-0020503-T01-IM6,WT,WT,WT,WT,WT,WT,WT,WT,D115Mfs*14,P152S
P-0020521-T01-IM6,WT,WT,WT,G12A,WT,WT,WT,WT,WT,E339*
P-0020570-T01-IM6,WT,WT,WT,WT,WT,WT,WT,WT,A241P,E224*
P-0020717-T01-IM6,WT,WT,WT,G12D G12C,E1999*,WT,Q517*,WT,WT,WT
P-0020776-T01-IM6,WT,WT,WT,G12F,WT,WT,X309_splice,WT,S216Lfs*50,WT
P-0020779-T01-IM6,WT,WT,WT,G12D,WT,WT,V248Afs*48,WT,WT,WT
P-0020780-T01-IM6,WT,WT,WT,WT,WT,WT,WT,WT,WT,WT
P-0020782-T01-IM6,WT,WT,WT,G12R,WT,WT,WT,WT,WT,WT
P-0020828-T01-IM6,WT,WT,WT,G12C,WT,X21_splice,WT,WT,G180Hfs*94,X33_splice
P-0020883-T01-IM6,WT,WT,WT,WT,WT,X2624_splice,WT,WT,WT,N239D
P-0020966-T01-IM6,WT,WT,WT,WT,WT,R1526fs,WT,WT,WT,X32_splice K351*
P-0021062-T01-IM6,WT,L858R,WT,WT,WT,WT,WT,WT,WT,H179Y
P-0021105-T01-IM6,WT,L858R,WT,WT,WT,WT,Y512Lfs*114,WT,WT,R158L
P-0021191-T01-IM6,WT,WT,R260L,WT,WT,WT,WT,WT,E223*,WT
P-0021227-T01-IM6,WT,WT,WT,Q61L,R538Sfs*17,WT,Q208Kfs*23,WT,WT,WT
P-0021236-T01-IM6,WT,WT,WT,G12C,WT,WT,WT,WT,WT,WT
P-0021329-T01-IM6,WT,WT,R601W,G12C,WT,WT,WT,WT,WT,R249M
P-0021422-T01-IM6,WT,L858R,WT,WT,WT,WT,WT,WT,WT,WT
P-0021429-T01-IM6,WT,L747_A750delinsP,WT,WT,WT,WT,WT,WT,WT,WT
P-0021438-T01-IM6,WT,E746_A750del,WT,WT,WT,WT,WT,WT,WT,WT
P-0021539-T01-IM6,WT,WT,WT,G12A,WT,WT,WT,WT,WT,WT
P-0021628-T01-IM6,WT,WT,WT,G12C,WT,X1870_splice,WT,WT,WT,WT
P-0021691-T01-IM6,WT,L858R T790M,WT,WT,WT,WT,WT,WT,WT,WT
P-0021718-T01-IM6,WT,WT,WT,G13C,WT,WT,WT,WT,Y60*,WT
P-0021778-T01-IM6,WT,WT,S275*,G12A,WT,WT,L192Pfs*32,WT,N109Kfs*54,WT
P-0021849-T01-IM6,WT,WT,WT,WT,WT,WT,WT,WT,WT,D281N
P-0021861-T01-IM6,WT,WT,WT,WT,N2011Tfs*11,WT,WT,WT,WT,R273L E68* Y107C
P-0021987-T01-IM6,V600E,WT,WT,WT,WT,WT,WT,WT,WT,WT
P-0022186-T01-IM6,WT,WT,WT,G12C,WT,WT,K588*,WT,WT,WT
P-0022247-T01-IM6,WT,WT,WT,G12V,E1999*,WT,WT,WT,WT,WT
P-0022251-T01-IM6,WT,WT,WT,G12C,E658Kfs*17,WT,WT,WT,WT,C277*
P-0022303-T01-IM6,WT,L747_P753delinsS,WT,WT,WT,WT,WT,WT,WT,WT
P-0022353-T01-IM6,WT,A767_V769dup,WT,WT,WT,WT,WT,WT,WT,WT
P-0022424-T01-IM6,WT,L858R,WT,WT,WT,WT,WT,WT,WT,*394*
P-0022427-T01-IM6,WT,WT,WT,WT,WT,WT,WT,WT,WT,WT
P-0022450-T01-IM6,V600_K601delinsE,WT,WT,WT,WT,WT,WT,WT,WT,R282W
P-0022453-T01-IM6,WT,L858R,WT,WT,WT,WT,WT,WT,WT,G245V
P-0022505-T01-IM6,WT,WT,X511_splice,WT,WT,WT,WT,WT,D194Y,WT
P-0022527-T01-IM6,WT,WT,WT,WT,WT,WT,WT,WT,WT,WT
P-0022578-T02-IM6,WT,WT,WT,WT,WT,WT,WT,WT,WT,WT
P-0022579-T01-IM6,WT,L858_A859delinsRS,WT,WT,WT,WT,WT,WT,WT,P151Afs*16
P-0022830-T01-IM6,WT,E746_A750del,WT,WT,WT,WT,WT,WT,WT,A276G
P-0022844-T02-IM6,WT,WT,WT,WT,WT,WT,WT,WT,I88Tfs*3,V272L C242Ffs*4
P-0022848-T01-IM6,WT,L858R,WT,WT,WT,WT,WT,WT,WT,R213* S99Gfs*44
P-0022881-T01-IM6,WT,E746_A750del,WT,WT,WT,WT,WT,WT,WT,R273H
P-0023102-T01-IM6,WT,L858R,WT,WT,WT,WT,WT,WT,WT,V203L
P-0023153-T01-IM6,V600E,WT,WT,WT,WT,WT,WT,WT,WT,WT
P-0023161-T01-IM6,WT,WT,WT,WT,WT,WT,WT,WT,WT,WT
P-0023206-T01-IM6,WT,L747_S752delinsQH,WT,WT,WT,WT,WT,WT,WT,WT
P-0023207-T01-IM6,WT,WT,WT,WT,WT,WT,WT,WT,WT,WT
P-0023219-T01-IM6,WT,L861Q G719A,WT,WT,WT,WT,WT,WT,WT,WT
P-0023248-T01-IM6,WT,L858R,WT,WT,WT,WT,WT,WT,WT,WT
P-0023319-T01-IM6,WT,WT,WT,WT,WT,WT,WT,WT,WT,WT
P-0023366-T01-IM6,WT,WT,WT,WT,WT,WT,WT,WT,WT,R158L
P-0023406-T02-IM6,WT,WT,WT,WT,WT,WT,WT,E1300*,WT,W146G
P-0023471-T01-IM6,WT,WT,WT,G13C,WT,WT,WT,WT,G163F,T125P
P-0023481-T01-IM6,E275K,WT,WT,WT,WT,WT,WT,WT,WT,WT
P-0023552-T01-IM6,WT,WT,WT,WT,WT,WT,WT,WT,WT,WT
P-0023574-T01-IM6,WT,E746_A750del,WT,WT,WT,WT,WT,WT,WT,S241_M243delinsL
P-0023602-T01-IM6,WT,WT,WT,G12V,WT,WT,WT,WT,WT,WT
P-0023704-T01-IM6,WT,L858R,WT,WT,WT,WT,WT,WT,WT,WT
P-0023745-T01-IM6,WT,L858R,WT,WT,WT,WT,WT,WT,WT,WT
P-0023780-T01-IM6,WT,WT,WT,G12D,WT,WT,WT,WT,WT,WT
P-0023859-T01-IM6,WT,WT,WT,WT,WT,WT,WT,WT,WT,WT
P-0024035-T01-IM6,WT,WT,WT,G12D,WT,WT,WT,WT,WT,R248L
P-0024045-T01-IM6,WT,E746_A750del,WT,WT,WT,WT,WT,WT,WT,P151S
P-0024066-T01-IM6,WT,WT,WT,WT,WT,WT,WT,WT,WT,WT
P-0024090-T01-IM6,WT,WT,WT,G12V,WT,WT,WT,WT,WT,WT
P-0024136-T01-IM6,WT,WT,WT,WT,WT,WT,WT,WT,WT,WT
P-0024178-T01-IM6,WT,L858R,WT,WT,WT,WT,WT,WT,WT,R337L
P-0024200-T01-IM6,WT,WT,WT,G13C,WT,WT,WT,WT,WT,WT
P-0024225-T01-IM6,WT,WT,WT,WT,WT,WT,WT,WT,WT,WT
P-0024228-T01-IM6,WT,WT,WT,G12C,WT,L87*,WT,WT,WT,X225_splice
P-0024401-T01-IM6,WT,WT,WT,WT,WT,WT,WT,WT,WT,WT
P-0024483-T01-IM6,WT,WT,WT,WT,WT,E318Kfs*11,WT,WT,WT,WT
P-0024567-T01-IM6,WT,WT,WT,G12C,WT,WT,WT,WT,WT,WT
P-0024571-T01-IM6,WT,WT,WT,WT,WT,WT,WT,WT,K41Sfs*10,C242W
P-0024737-T01-IM6,WT,WT,WT,G12V,WT,WT,WT,WT,WT,WT
P-0024758-T01-IM6,WT,WT,WT,WT,WT,S259Rfs*22 K296*,X623_splice,WT,WT,WT
P-0024834-T01-IM6,WT,WT,WT,G12V,WT,WT,WT,WT,D258Yfs*30,WT
P-0024843-T01-IM6,WT,WT,WT,WT,WT,WT,WT,WT,WT,WT
P-0024949-T01-IM6,WT,WT,WT,G12C,WT,WT,WT,WT,WT,WT
P-0025107-T01-IM6,G469V,WT,WT,WT,WT,WT,WT,WT,WT,K139N X225_splice
P-0025330-T06-IM6,WT,WT,WT,WT,WT,WT,WT,WT,WT,R158L
P-0025354-T01-IM6,WT,WT,WT,G12C,WT,WT,WT,WT,P281Rfs*6 Y166*,WT
P-0025409-T01-IM6,WT,WT,WT,G12R,WT,WT,WT,WT,WT,WT
P-0025411-T01-IM6,WT,WT,WT,G13D,WT,WT,WT,WT,WT,E198Kfs*49
P-0025451-T01-IM6,WT,E746_A750del,WT,WT,WT,WT,WT,WT,WT,M246V
P-0025546-T01-IM6,WT,WT,WT,G12C,WT,WT,WT,WT,WT,R273L
P-0025566-T01-IM6,WT,I740_K745dup,WT,WT,WT,WT,WT,WT,WT,WT
P-0025569-T01-IM6,WT,WT,WT,G12C,WT,WT,WT,WT,Q159*,WT
P-0025575-T01-IM6,WT,L858R,WT,WT,WT,WT,WT,WT,WT,WT
P-0025652-T01-IM6,WT,L858R,WT,WT,WT,WT,WT,WT,WT,G266V
P-0025722-T01-IM6,WT,WT,WT,G12D,WT,WT,E727*,WT,WT,WT
P-0025833-T01-IM6,WT,L747_A750delinsP,WT,WT,WT,WT,WT,WT,WT,WT
P-0025852-T01-IM6,WT,WT,WT,WT,WT,WT,WT,WT,WT,WT
P-0025872-T01-IM6,G466A,WT,WT,WT,WT,WT,WT,WT,H174P,WT
P-0025918-T01-IM6,E695Q,WT,WT,WT,WT,WT,WT,WT,WT,E171*
P-0025931-T01-IM6,WT,WT,WT,G12D,WT,M2579Lfs*45,E620*,WT,WT,R273L
P-0025936-T01-IM6,WT,WT,WT,G12C,WT,WT,WT,WT,WT,WT
P-0025956-T01-IM6,WT,WT,WT,G12C,WT,WT,WT,X648_splice,P281Rfs*6,WT
P-0026029-T01-IM6,WT,WT,WT,G12V,WT,WT,E722*,WT,WT,WT
P-0026045-T01-IM6,WT,I740_K745dup,WT,WT,WT,WT,WT,WT,WT,WT
P-0026120-T01-IM6,WT,WT,WT,G12C,WT,WT,WT,WT,WT,S215I
P-0026187-T01-IM6,WT,WT,WT,WT,WT,WT,WT,X474_splice,E65*,X125_splice V157F
P-0026206-T01-IM6,WT,WT,WT,G12C,WT,WT,WT,WT,D53Afs*11,WT
P-0026262-T02-IM6,WT,WT,WT,G12V,WT,WT,WT,WT,WT,G262V
P-0026292-T01-IM6,WT,L858R,WT,WT,WT,WT,N265Tfs*142,WT,WT,WT
P-0026426-T01-IM6,WT,WT,WT,Q61H,WT,WT,WT,WT,WT,WT
P-0026688-T01-IM6,WT,WT,R272L,G12V,WT,WT,WT,WT,WT,WT
P-0026697-T01-IM6,WT,WT,WT,G12C,WT,WT,WT,WT,WT,WT
P-0026708-T01-IM6,WT,WT,WT,G12A,WT,WT,WT,WT,A43Pfs*8,WT
P-0026777-T02-IM6,WT,WT,WT,WT,WT,WT,WT,WT,WT,WT
P-0026778-T01-IM6,WT,L858R,WT,G12D,WT,WT,K756* R715*,WT,WT,WT
P-0026786-T01-IM6,WT,E746_A750del,WT,WT,WT,WT,WT,WT,WT,WT
P-0026830-T03-IM6,T599_V600delinsR,WT,WT,WT,WT,WT,WT,WT,WT,WT
P-0026968-T01-IM6,WT,WT,WT,G12C,WT,WT,WT,WT,F255Vfs*11,WT
P-0026987-T01-IM6,WT,WT,WT,WT,WT,S1896*,WT,WT,D194G,WT
P-0027018-T01-IM6,WT,WT,WT,G13D,WT,WT,N515*,WT,WT,WT
P-0027071-T01-IM6,WT,L858R,WT,WT,WT,WT,S660Rfs*63,WT,WT,WT
P-0027093-T01-IM6,WT,WT,WT,WT,Q2217* P2869Lfs*4,X464_splice,Q202*,WT,WT,WT
P-0027131-T01-IM6,WT,A289V L858R,WT,WT,WT,WT,X704_splice,WT,WT,N239dup
P-0027187-T01-IM6,WT,WT,WT,G13C,WT,WT,WT,WT,WT,E336* Y236*
P-0027196-T01-IM6,WT,WT,WT,WT,WT,WT,WT,WT,WT,WT
P-0027353-T01-IM6,WT,L62R L858R,WT,WT,WT,WT,WT,WT,WT,R158H
P-0027523-T01-IM6,WT,WT,WT,WT,WT,WT,WT,WT,WT,WT
P-0027531-T01-IM6,WT,T790M L747_P753delinsS,WT,WT,WT,WT,WT,WT,WT,Q144*
P-0027615-T02-IM6,WT,L858R,WT,WT,WT,WT,WT,WT,WT,WT
P-0027709-T01-IM6,WT,WT,WT,WT,WT,WT,WT,WT,WT,G105V
P-0027812-T01-IM6,WT,WT,WT,G12C,WT,WT,WT,WT,WT,E68*
P-0027817-T01-IM6,WT,WT,WT,Q22K,WT,WT,WT,WT,K44Sfs*7,WT
P-0027826-T01-IM6,WT,WT,WT,WT,WT,WT,WT,WT,WT,WT
P-0027848-T01-IM6,WT,WT,WT,WT,Q2477*,WT,WT,WT,WT,G245C
P-0027860-T01-IM6,WT,WT,WT,Q61H,WT,WT,WT,WT,WT,R248L
P-0028012-T01-IM6,WT,WT,WT,G12V,WT,WT,WT,WT,WT,WT
P-0028092-T01-IM6,WT,L858R,WT,WT,WT,WT,Q208*,WT,WT,Q331*
P-0028096-T01-IM6,WT,WT,WT,G12A,WT,WT,E187*,WT,WT,E68*
P-0028111-T01-IM6,WT,WT,WT,G12C,WT,WT,WT,WT,WT,WT
P-0028162-T01-IM6,WT,L858R,WT,WT,WT,WT,WT,WT,WT,C242F
P-0028245-T01-IM6,WT,WT,WT,WT,WT,WT,WT,WT,X288_splice,WT
P-0028377-T01-IM6,WT,A767_V769dup,WT,WT,WT,WT,WT,WT,WT,WT
P-0028486-T01-IM6,WT,L858R,WT,WT,WT,WT,Q202*,WT,WT,K132N
P-0028627-T01-IM6,WT,WT,WT,WT,X2467_splice,WT,WT,WT,WT,WT
P-0028694-T01-IM6,WT,WT,WT,WT,WT,WT,I225Sfs*6,WT,WT,WT
P-0028746-T01-IM6,WT,E746_A750del,WT,WT,WT,WT,WT,WT,WT,WT
P-0028809-T04-IM6,G469A,WT,WT,WT,WT,WT,WT,WT,E145*,G154V S215R
P-0028841-T01-IM6,WT,WT,WT,G12C,WT,WT,WT,WT,WT,WT
P-0028906-T01-IM6,WT,WT,WT,G12C,WT,WT,WT,WT,WT,WT
P-0028916-T02-IM6,WT,WT,WT,WT,WT,WT,WT,WT,D176Y,R213Q
P-0028936-T01-IM6,WT,L858R,WT,WT,WT,WT,Y736Gfs*32,WT,WT,WT
P-0028947-T01-IM6,WT,WT,WT,WT,WT,WT,WT,WT,WT,WT
P-0029016-T01-IM6,WT,L858R,WT,WT,WT,WT,WT,WT,WT,WT
P-0029115-T01-IM6,V600E,WT,WT,WT,WT,WT,WT,WT,WT,WT
P-0029180-T02-IM6,WT,WT,WT,G13D,WT,S1786*,WT,T910M,WT,WT
P-0029224-T02-IM6,WT,WT,WT,WT,WT,WT,WT,E1312*,WT,WT
P-0029294-T01-IM6,WT,WT,WT,WT,WT,E1889*,Q333*,WT,WT,R248Q A83Rfs*40
P-0029324-T01-IM6,WT,A767_V769dup,WT,WT,WT,WT,WT,WT,WT,WT
P-0029357-T02-IM6,WT,WT,WT,G12C,WT,WT,WT,WT,WT,WT
P-0029396-T01-IM6,WT,WT,WT,G12C,WT,WT,WT,WT,WT,WT
P-0029402-T01-IM6,WT,L858R,WT,WT,WT,WT,WT,WT,WT,WT
P-0029451-T01-IM6,WT,L747_P753delinsS,WT,WT,WT,WT,WT,WT,WT,WT
P-0029545-T01-IM6,WT,WT,WT,WT,WT,WT,WT,WT,X97_splice,WT
P-0029561-T01-IM6,WT,S768_D770dup,WT,WT,WT,WT,WT,WT,WT,WT
P-0029583-T01-IM6,WT,L858R,WT,WT,WT,WT,WT,WT,WT,C135S
P-0029585-T01-IM6,WT,WT,WT,WT,WT,WT,WT,WT,WT,K320Efs*17
P-0029624-T01-IM6,D594G,WT,WT,WT,WT,WT,WT,WT,WT,H179Y
P-0029663-T01-IM6,WT,WT,WT,G12E,WT,WT,WT,WT,WT,WT
P-0029977-T01-IM6,WT,WT,L358Rfs*48,WT,WT,WT,WT,WT,L282Afs*3,X125_splice
P-0030094-T03-IM6,WT,L858R,WT,WT,WT,WT,WT,WT,WT,C275R
P-0030104-T01-IM6,WT,L858R,WT,WT,WT,WT,WT,WT,WT,R249S
P-0030317-T01-IM6,WT,WT,WT,G12D,WT,WT,WT,WT,WT,WT
P-0030453-T01-IM6,WT,WT,WT,WT,WT,WT,WT,WT,WT,WT
P-0030626-T01-IM6,WT,WT,WT,WT,WT,WT,WT,WT,WT,I162F
P-0030694-T01-IM6,WT,S768I G719C,WT,WT,WT,WT,WT,WT,WT,WT
P-0030710-T01-IM6,WT,L858R,WT,WT,WT,WT,WT,WT,WT,C275F
P-0030869-T01-IM6,WT,WT,WT,G12A,WT,WT,E63*,WT,WT,WT
P-0030893-T01-IM6,WT,WT,G430D,WT,WT,X997_splice N2091Qfs*5,WT,WT,WT,C277F
P-0030990-T03-IM6,WT,WT,WT,WT,WT,WT,WT,WT,WT,WT
P-0031010-T01-IM6,WT,A767_V769dup,WT,WT,WT,WT,WT,WT,WT,WT
P-0031031-T01-IM6,WT,L747P,WT,WT,WT,R1870W,WT,WT,WT,WT
P-0031046-T01-IM6,WT,R108K L858R,WT,WT,WT,WT,WT,WT,WT,WT
P-0031081-T01-IM6,WT,L858R,WT,WT,WT,WT,WT,WT,WT,WT
P-0031090-T01-IM6,WT,WT,WT,G12C,WT,WT,WT,WT,WT,WT
P-0031096-T01-IM6,WT,WT,WT,G12C,WT,WT,WT,WT,P281Rfs*6,WT
P-0031139-T01-IM6,V600E,WT,WT,WT,WT,WT,WT,WT,WT,WT
P-0031267-T01-IM6,WT,L747S G719C,WT,WT,WT,WT,WT,WT,WT,WT
P-0031283-T01-IM6,WT,WT,WT,G12V,WT,WT,WT,WT,WT,WT
P-0031442-T01-IM6,WT,WT,WT,WT,G2661*,WT,WT,WT,WT,X331_splice
P-0031526-T01-IM6,WT,WT,WT,G12C,WT,WT,WT,WT,WT,WT
P-0031694-T01-IM6,WT,L747_P753delinsS,WT,WT,WT,WT,WT,WT,WT,D281H
P-0031707-T01-IM6,WT,WT,WT,WT,WT,WT,WT,WT,WT,E258A
P-0031737-T01-IM6,WT,WT,WT,WT,WT,WT,WT,WT,WT,WT
P-0031740-T01-IM6,WT,L858R,WT,WT,WT,WT,WT,WT,WT,WT
P-0032008-T01-IM6,WT,WT,WT,Q61L,WT,WT,WT,WT,WT,WT
P-0032029-T01-IM6,WT,WT,WT,WT,WT,WT,WT,WT,WT,WT
P-0032112-T01-IM6,WT,WT,WT,WT,WT,X1575_splice,X115_splice,WT,WT,WT
P-0032170-T01-IM6,WT,WT,WT,WT,WT,WT,WT,WT,WT,WT
P-0032177-T01-IM6,WT,WT,WT,G12V,WT,WT,WT,WT,WT,WT
P-0032231-T01-IM6,WT,L858R,WT,WT,WT,WT,WT,WT,WT,R248W
P-0032444-T01-IM6,WT,WT,WT,WT,WT,WT,WT,WT,WT,WT
P-0032476-T01-IM6,WT,WT,WT,WT,WT,WT,WT,WT,WT,WT
P-0032479-T01-IM6,WT,WT,WT,G12A,WT,WT,R186_E187delinsL*,WT,WT,G154V
P-0032532-T01-IM6,WT,WT,WT,G12R,WT,WT,WT,WT,WT,WT
P-0032534-T01-IM6,WT,WT,WT,G12V,WT,WT,WT,WT,WT,X32_splice
P-0032635-T01-IM6,WT,E746_A750del,WT,WT,WT,WT,WT,WT,WT,Y234C
P-0032644-T01-IM6,WT,A767_V769dup,WT,WT,WT,WT,WT,WT,WT,R273L
P-0032645-T01-IM6,WT,L858R,WT,WT,WT,WT,R648*,WT,WT,WT
P-0032676-T01-IM6,V600E,WT,WT,WT,WT,WT,WT,WT,WT,WT
P-0032682-T01-IM6,WT,L747_A750delinsP,WT,WT,WT,WT,WT,WT,WT,*392*
P-0032689-T01-IM6,WT,WT,WT,WT,WT,WT,E665*,WT,A43Pfs*8,M237I
P-0032862-T01-IM6,WT,WT,WT,WT,WT,WT,WT,WT,WT,WT
P-0033068-T01-IM6,V600E,WT,WT,WT,WT,WT,WT,WT,WT,WT
P-0033072-T01-IM6,WT,WT,WT,WT,WT,WT,WT,WT,WT,WT
P-0033325-T01-IM6,WT,WT,S102L,WT,WT,WT,WT,WT,Y261*,WT
P-0033379-T01-IM6,WT,WT,WT,G12D,WT,WT,WT,WT,WT,L111R
P-0033380-T01-IM6,WT,WT,WT,G12F,WT,WT,WT,WT,WT,WT
P-0033406-T01-IM6,WT,WT,WT,G12V,WT,WT,WT,WT,WT,WT
P-0033508-T01-IM6,WT,L858R,WT,WT,WT,WT,WT,WT,WT,WT
P-0033579-T01-IM6,WT,L861Q,WT,WT,WT,WT,WT,WT,WT,WT
P-0033581-T01-IM6,WT,WT,WT,G12C,WT,WT,WT,WT,WT,WT
P-0033615-T01-IM6,WT,WT,WT,WT,WT,WT,WT,WT,WT,H179R
P-0033631-T01-IM6,WT,WT,WT,G12D,WT,WT,WT,WT,WT,WT
P-0033749-T01-IM6,WT,E746_A750del,WT,WT,WT,WT,WT,WT,WT,R273C
P-0033766-T01-IM6,WT,WT,WT,WT,WT,WT,WT,WT,WT,H179Y
P-0033823-T01-IM6,WT,WT,WT,G12D,WT,WT,WT,WT,WT,R273C
P-0033841-T01-IM6,WT,WT,WT,G12C,WT,C434*,WT,WT,WT,WT
P-0033926-T01-IM6,WT,WT,WT,G12V,WT,WT,C142*,WT,WT,WT
P-0034215-T01-IM6,WT,WT,WT,G12C,WT,WT,WT,WT,Q305*,WT
P-0034604-T01-IM6,WT,L747_T751del,WT,WT,WT,WT,WT,WT,WT,WT
P-0034643-T01-IM6,WT,L858R,WT,WT,WT,WT,Q689Hfs*15,WT,WT,WT
P-0034948-T01-IM6,WT,WT,R470C,WT,WT,WT,WT,WT,WT,R249S
P-0035026-T01-IM6,WT,L62R L858R,WT,WT,WT,WT,WT,WT,WT,WT
P-0035135-T01-IM6,WT,L858R,WT,WT,WT,WT,WT,WT,WT,Y236C
P-0035139-T01-IM6,WT,WT,WT,WT,WT,WT,Q338*,WT,WT,WT
P-0035140-T01-IM6,WT,WT,WT,Q61H,WT,WT,X276_splice,WT,P280Lfs*5,WT
P-0035240-T01-IM6,WT,WT,WT,WT,WT,WT,WT,WT,WT,G245C
P-0035244-T01-IM6,WT,A289T L858R,WT,WT,WT,WT,WT,WT,WT,WT
P-0035278-T01-IM6,WT,WT,WT,G12C,WT,WT,WT,WT,WT,Q331*
P-0035280-T01-IM6,WT,WT,WT,WT,WT,WT,WT,WT,WT,WT
P-0035293-T01-IM6,WT,WT,WT,WT,WT,WT,WT,WT,WT,WT
P-0035431-T01-IM6,WT,WT,WT,G12C,WT,WT,WT,WT,WT,Q192*
P-0035469-T01-IM6,WT,WT,M409*,G12C,WT,WT,X487_splice,WT,WT,X125_splice
P-0035488-T01-IM6,WT,L858R,WT,WT,WT,WT,X115_splice,WT,WT,WT
P-0035494-T01-IM6,WT,WT,WT,G12C,WT,Q1577*,WT,WT,WT,V218M
P-0035731-T01-IM6,WT,WT,WT,G12D,WT,WT,WT,WT,WT,WT
P-0035869-T01-IM6,WT,L861Q G719S,WT,WT,WT,WT,WT,WT,WT,WT
P-0035922-T01-IM6,WT,L858R,WT,WT,WT,WT,S414Dfs*25,WT,WT,C238Y
P-0036032-T01-IM6,WT,L858R,WT,WT,WT,WT,X759_splice,WT,WT,WT
P-0036225-T01-IM6,WT,WT,WT,G13C,WT,WT,WT,WT,WT,G105R
P-0036267-T01-IM6,WT,E746_S752delinsV,WT,WT,WT,WT,WT,WT,WT,WT
P-0036310-T01-IM6,WT,WT,WT,G12C,WT,WT,WT,WT,WT,WT
P-0036387-T01-IM6,WT,WT,WT,WT,WT,WT,WT,WT,WT,WT
P-0036513-T01-IM6,WT,L858R,WT,WT,WT,WT,WT,WT,WT,WT
P-0036637-T01-IM6,WT,WT,WT,WT,WT,WT,WT,WT,WT,R175L
P-0036639-T01-IM6,WT,WT,WT,WT,WT,WT,WT,WT,WT,E271K
P-0036744-T01-IM6,WT,WT,WT,G12C,WT,WT,WT,WT,E165*,WT
P-0036810-T02-IM6,WT,WT,WT,G12V,WT,WT,WT,WT,E223*,WT
P-0036891-T01-IM6,WT,L858R,WT,WT,WT,WT,WT,WT,WT,H179Y
P-0037833-T01-IM6,WT,WT,WT,G12C,WT,WT,Y760*,WT,WT,WT
P-0038206-T01-IM6,WT,E746_A750del,WT,WT,WT,WT,X623_splice,WT,WT,WT
P-0038834-T01-IM6,WT,L858R,WT,WT,WT,WT,WT,WT,WT,WT
